Name,Party,PartyLetter,BornDate,Age,Profession,Education,Spokesperson_Areas,ImageURL
Alex Ahrendtsen,Dansk Folkeparti,O,14-02-1967,59,Forlægger,"Cand.mag. i dansk, litteratur, religion og oldgræsk, Odense Universitet, 1989-1996.","Beredskabsordfører, Færøerneordfører, Forsvarsordfører, Grønlandsordfører, Rigsfællesskabsordfører",https://www.dr.dk/parliament-member-images/alex_ahrendtsen_500.jpg
Alex Vanopslagh,Liberal Alliance,I,17-10-1991,34,Partileder,"Kandidat i statskundskab, Københavns Universitet, 2014-2017. , Bachelor i statskundskab, Syddansk Universitet (SDU), 2011-2014. , Studentereksamen, Herning HF og VUC, 2009-2011. , Folkeskolens afgangseksamen, Gimsing Skole, 2008.",,https://www.dr.dk/parliament-member-images/alex_vanopslagh_500.jpg
Allan Feldt,Dansk Folkeparti,O,03-06-1963,63,Iværksætter,"Bestyrelsesuddannelsen, Copenhagen Business School (CBS), 2019. , Cand.merc., Copenhagen Business School (CBS), 1995.",,https://www.dr.dk/parliament-member-images/allan_feldt_500.jpg
Amanda Heitmann,Venstre,V,27-02-1998,28,,"Cand.scient.adm, Aalborg Universitet, 2020-2022. , Bachelor i politik og administration, Aalborg Universitet, 2017-2020. , Studentereksamen, Bagsværd Kostskole og Gymnasium, 2013-2016.",Socialordfører,https://www.dr.dk/parliament-member-images/amanda_heitmann_500.jpg
Anastasia Milthers,Radikale Venstre,B,06-01-2002,24,Studerende,"Bachelor i statskundskab, Københavns Universitet, 2025. , Student, Roskilde Katedralskole, 2021.","Energiordfører, Forsyningsordfører, Klimaordfører, Socialordfører, Udviklingsordfører",https://www.dr.dk/parliament-member-images/anastasia_milthers_500.jpg
Anders Kronborg,Socialdemokratiet,A,18-03-1982,44,Lærer,"Lærer, Ribe Statsseminarium, 2006. , Matematisk student, Esbjerg Statsskole, 2002.",Erhvervsordfører,https://www.dr.dk/parliament-member-images/anders_kronborg_500.jpg
Anders Kühnau,Socialdemokratiet,A,12-08-1981,44,Konsulent,"Cand.scient.pol., Aarhus Universitet, 2008. , Student, Aarhus Katedralskole, 2000.",Sundhedsordfører,https://www.dr.dk/parliament-member-images/anders_kuhnau_500.jpg
Anders Storgaard,Det Konservative Folkeparti,C,28-01-1994,32,Konsulent,"Cand.scient.pol, Københavns Universitet, 2022. , Stx, Aarhus Statsgymnasium, 2013. , Folkeskolens afgangseksamen, Risskov Skole, Aarhus, 2010.","Boligordfører, Energiordfører, Forsyningsordfører, Klimaordfører",https://www.dr.dk/parliament-member-images/anders_storgaard_500.jpg
Anders Vistisen,Dansk Folkeparti,O,12-11-1987,38,Juridisk konsulent,"Cand.jur, Aarhus Universitet, 2006-2012. , Højere Handelseksamen, Skive Handelsskole , 2003-2006. , Folkeskole, Vridsted Skole, 1996-2006.","Finansordfører, Retsordfører",https://www.dr.dk/parliament-member-images/anders_vistisen_500.jpg
Ane Halsboe-Jørgensen,Socialdemokratiet,A,04-05-1983,43,Beskæftigelsesminister og minister for ligestilling,"Cand.scient.pol., Københavns Universitet, 2004-2009. , Sproglig student, Fjerritslev Gymnasium, 1999-2002.",,https://www.dr.dk/parliament-member-images/ane_halsboe_joergensen_500.jpg
Anna Bjerre,Alternativet,Å,10-06-1998,28,Klimaretfærdighedsaktivist,"Kandidat i bæredygtighedsvidenskab, Lunds Universitet, Sverige, 2022-2025. , Røst Talerskole, København, 2020. , Bachelor i miljøplanlægning, Roskilde Universitet, 2019-2022. , Politikens Debattør- og Kritikerskole, København, 2019. , Stx, Silkeborg Gymnasium, 2014-2017.","Energiordfører, Finansordfører, Klimaordfører, Ligestillingsordfører, Retsordfører, Skatteordfører, Forsyningsordfører, Minoritetsordfører",https://www.dr.dk/parliament-member-images/anna_bjerre_500.jpg
Anna Falkenberg,Sambandsflokkurin,,04-01-1996,30,,"Cand.scient.pol., Københavns Universitet, 2016-2022. , Matematisk student, Føroya Studentaskúli og HF-skeið, Tórshavn, Færøerne, 2012-2015. , Idrætsefterskolen i Ikast, Ikast, 2011-2012. , Hoyvíkar Skúli, Hoyvík, Færøerne, 2002-2011.",,https://www.dr.dk/parliament-member-images/anna_falkenberg_500.jpg
Anne Valentina Berthelsen,Socialistisk Folkeparti,F,16-09-1994,31,MF,"Bachelor, politik og administration, Roskilde Universitet, 2017-2019. , Statskundskab, Københavns Universitet, 2015-2017. , International Business and Politics, Copenhagen Business School (CBS), 2014-2015. , Studentereksamen (stx), Maribo Gymnasium, 2011-2013. , Gymnasieelev (stx), Vordingborg Gymnasium & HF, 2010-2011. , Folkeskole, Sundskolen, 2007-2010. , Folkeskole, Sakskøbing Skole, 2001-2007.","Beredskabsordfører, Forsvarsordfører",https://www.dr.dk/parliament-member-images/anne_valentina_berthelsen_500.jpg
Anni Matthiesen,Venstre,V,08-02-1964,62,Koordinator,"Diplomuddannelse, Danmarks Forvaltningshøjskole, 1997-2003. , Kontorassistent, Skoleforvaltningen, Grindsted Rådhus, 1985-1987. , Højere handelseksamen (1-årig), Esbjerg Handelsskole, 1984-1985. , Samfundssproglig student, Grindsted Gymnasium, 1980-1983.","Ældreordfører, Undervisningsordfører",https://www.dr.dk/parliament-member-images/anni_matthiesen_500.jpg
Astrid Carøe,Socialistisk Folkeparti,F,12-07-1994,31,MF,"Bachelor i statskundskab, Københavns Universitet, 2016-2020. , Student, Slagelse Gymnasium, 2010-2013. , Folkeskole, Pedersborg Skole, 2000-2010.","Ligestillingsordfører, Transportordfører, Ungdomsuddannelsesordfører",https://www.dr.dk/parliament-member-images/astrid_caroe_500.jpg
Benny Engelbrecht,Socialdemokratiet,A,04-08-1970,55,Fhv. minister,"Bestyrelsesuddannelse, INSEAD, Fontainebleau, 2025. , Kurser på merkonomuddannelsen i markedsføring, Handelsskolen Aabenraa, 1997-1999. , Folkeskole, Kildevældsskolen, 1977-1986.",Indenrigsordfører,https://www.dr.dk/parliament-member-images/benny_engelbrecht_500.jpg
Birgitte Bergman,Det Konservative Folkeparti,C,13-01-1967,59,,"Bestyrelsesuddannelsen, Copenhagen Business School (CBS), 2023. , Akademiøkonom, Copenhagen Business Academy, 1992-1994. , Samfundssproglig student, Helsingør Gymnasium, 1983-1986.","EU-ordfører, Handicapordfører, Kulturordfører, Socialordfører, Turismeordfører",https://www.dr.dk/parliament-member-images/birgitte_bergman_500.jpg
Birgitte Vind,Socialdemokratiet,A,13-08-1965,60,Lærer og leder,"Diploma of Leadership, CVU Sønderjylland University College, 2008-2011. , Familieterapeut, The Kempler Institute of Scandinavia, 2001-2003. , Lærer, Jelling Statsseminarium, 1984-1989.","Dyrevelfærdsordfører, Ligestillingsordfører, Naturordfører",https://www.dr.dk/parliament-member-images/birgitte_vind_500.jpg
Bjørn Brandenborg,Socialdemokratiet,A,10-12-1991,34,Ba.scient.adm.,"Ba.scient.adm., Aalborg Universitet, 2012-2015.","By- og landordfører, Transportordfører",https://www.dr.dk/parliament-member-images/bjoern_brandenborg_500.jpg
Camilla Fabricius,Socialdemokratiet,A,20-10-1971,54,MF,"Læreruddannelse, Aarhus Dag- og Aftenseminarium, 1999.","Kvindesundhedsordfører, Socialordfører",https://www.dr.dk/parliament-member-images/camilla_fabricius_500.jpg
Carl Valentin,Socialistisk Folkeparti,F,11-03-1992,34,MF,"Ba i samfundsfag med sidefag i retorik, Københavns Universitet, 2015-2019. , Stx, Mulernes Legatskole, 2009-2012. , 10. klasse, Glamsdalens Idrætsefterskole, 2008-2009. , Folkeskole, 7.-9. klasse, Giersings Realskole, 2005-2008. , Folkeskole, 0.-6. klasse, Stige Skole, 1999-2005.","Boligordfører, Dyrevelfærdsordfører, Fødevareordfører, Forbrugerordfører, Grøn trepartsordfører, Landbrugsordfører, Ludomaniordfører, Miljøordfører, Naturordfører",https://www.dr.dk/parliament-member-images/carl_valentin_500.jpg
Caroline Stage,Moderaterne,M,10-11-1990,35,Fhv. minister,"Cand.merc., International Marketing and Management, Copenhagen Business School (CBS), 2015. , BSc., Economics and Business Administration, Copenhagen Business School (CBS), 2013.","Digitaliseringsordfører, It-ordfører, EU-ordfører, Forskningsordfører, Ligestillingsordfører, Skatteordfører, Uddannelsesordfører",https://www.dr.dk/parliament-member-images/caroline_stage_olsen_500.jpg
Carsten Bach,Liberal Alliance,I,09-12-1975,50,Geolog,"Master i ledelses- og organisationspsykologi (LOOP), Aalborg Universitet, 2020-2022. , Cand.scient. i anvendt kvartærgeologi, Aarhus Universitet, Geologisk Institut, afdeling for sedimentologi, 1998-2003. , Reserveofficer, Flyvevåbnets Sergent- og Reserveofficersskole (FLSR), 1995-1996. , Matematisk student (4-årig Team Danmark-ordning), Holstebro Gymnasium og HF, 1991-1995. , Folkeskole, Nørrelandsskolen, Holstebro, 1981-1991.","Arktisordfører, Beredskabsordfører, Forsvarsordfører, Grønlandsordfører",https://www.dr.dk/parliament-member-images/carsten_bach_500.jpg
Cecilie Liv Hansen,Løsgænger,,15-08-2001,24,Salg- og marketingskoordinator,"UCL Erhvervsakademi og Professionshøjskole, 2023. , Commerce Management, Sales and Sales Management, 2021-2023. , Stx, Aabenraa Statsskole, 2017-2019.",,https://www.dr.dk/parliament-member-images/cecilie_liv_hansen_500.jpg
Charlotte Bagge Hansen,Moderaterne,M,28-07-1969,56,Selvstændig,"Erhvervsjura 2, Copenhagen West Business College, 2001. , Erhvervsjura 1, Copenhagen West Business College, 2000. , Merkonom (fagene ledelse og samarbejde, organisation, markedsføring 1, virksomhedsøkonomi), Kolding Købmandsskole, 1994. , Hf, VUC Gladsaxe/Herlev , 1993.","Beredskabsordfører, Erhvervsordfører, Fiskeriordfører, Forsvarsordfører, Samfundssikkerhedsordfører",https://www.dr.dk/parliament-member-images/charlotte_bagge_hansen_500.jpg
Charlotte Broman Mølbæk,Socialistisk Folkeparti,F,29-11-1977,48,Pædagog,"Studerende, politik og administration, Aalborg Universitet, 2015-2019. , Pædagog, Jysk Pædagogseminarium, 1999-2002.","Digitaliseringsordfører, EU-ordfører, Idrætsordfører, Kulturordfører, Medieordfører, Psykiatriordfører",https://www.dr.dk/parliament-member-images/charlotte_broman_moelbaek_500.jpg
Charlotte Green,Det Konservative Folkeparti,C,06-05-1974,52,,"Master i sundhedsantropologi, Aarhus Universitet, 2021. , Speciallæge i akutmedicin, Videreuddannelsesregion Nord, Aarhus, 2020. , Ph.d. i sundhedsvidenskab, Aarhus Universitet, 2014. , Speciallæge i kirurgi, Videreuddannelsesregion Nord, Aalborg og Viborg, 2010. , Cand.med, Aarhus Universitet, 2001. , Matematisk studentereksamen, Risskov Amtsgymnasium, 1993. , Folkeskolens afgangseksamen, Jellebakkeskolen, Risskov, 1990.","Ældreordfører, Fiskeriordfører, Forebyggelsesordfører, Sundhedsordfører",https://www.dr.dk/parliament-member-images/charlotte_green_500.jpg
Christian Kirk,Dansk Folkeparti,O,16-04-2000,26,Underviser,,"Børneordfører, Dyrevelfærdsordfører, Ligestillingsordfører, Undervisningsordfører",https://www.dr.dk/parliament-member-images/foto-mangler_500x500.jpg
Christian Rabjerg Madsen,Socialdemokratiet,A,24-03-1986,40,Minister for natur og dyrevelfærd,"Cand.scient.pol., Aarhus Universitet, 2006-2012. , Matematisk student, Varde Gymnasium, 2002-2005.",,https://www.dr.dk/parliament-member-images/christian_rabjerg_madsen_500.jpg
Christian Vigilius,Det Konservative Folkeparti,C,23-07-1998,27,Marketingchef,"Bachelor i statskundskab , Københavns Universitet, 2019-2023.","Beskæftigelsesordfører, Indfødsretsordfører, Integrationsordfører, Udlændingeordfører",https://www.dr.dk/parliament-member-images/christian_vigilius_500.jpg
Christina Egelund,Moderaterne,M,09-12-1977,48,"Forsknings-, uddannelses- og digitaliseringsminister","Studier i litteratur og sprogvidenskab, Lettres Modernes (uafsluttet), Sorbonne, Paris, 2000-2003. , Matematisk student, Hjørring Gymnasium, 1993-1996.",,https://www.dr.dk/parliament-member-images/christina_egelund_500.jpg
Christina Lykke,Socialistisk Folkeparti,F,15-04-1981,45,Socialpædagog,"Familieterapeut, Psykolog Jacob Mosgaard, 2017-2020. , Socialpædagog, Hjørring Pædagogseminarium, 2002-2006.","Handicapordfører, Socialordfører",https://www.dr.dk/parliament-member-images/christina_lykke_500.jpg
Christoffer Aagaard Melson,Venstre,V,16-08-1984,41,MF,"Kandidat i analytisk journalistik (cand.public.), Aarhus Universitet, 2008-2011. , Bachelor i medievidenskab, Aarhus Universitet, 2005-2008.","Digitaliseringsordfører, Psykiatriordfører, Sundhedsordfører",https://www.dr.dk/parliament-member-images/christoffer_aagaard_melson_500.jpg
Dennis Flydtkjær,Danmarksdemokraterne,Æ,13-03-1978,48,Fhv. selvstændigt erhvervsdrivende,"Datamatiker, Erhvervsakademi Midtjylland, 2000-2002. , Hhx, Ringkøbing Handelsskole, 1996-1998.","Beredskabsordfører, Finansordfører, Forsvarsordfører, Udlændingeordfører",https://www.dr.dk/parliament-member-images/dennis_flydtkjaer_500.jpg
Elise Sydendal,Alternativet,Å,18-09-1999,26,Sekretariatsmedarbejder,"Studerende på kandidatuddannelsen i statskundskab, Københavns Universitet fra 2024. , Bachelor i statskundskab, Københavns Universitet, 2022. , Student, Sorø Akademi, 2018. , Grundskole, Maribo Borgerskole, 2012-2015. , Grundskole, Blæsenborgskolen, Maribo, 2010-2012. , Grundskole, Fejø Skole, Fejø, 2005-2010.","Børneordfører, EU-ordfører, Familieordfører, Indfødsretsordfører, Integrationsordfører, Landdistrikts- og øordfører, Transportordfører, Uddannelsesordfører, Udlændingeordfører, Undervisningsordfører, Civilsamfundsordfører, Demokratiordfører, Digitaliseringsordfører, Forskningsordfører, Ordfører for nordisk samarbejde",https://www.dr.dk/parliament-member-images/elise_sydendal_500.jpg
Ellen Emilie,Moderaterne,M,09-11-2001,24,,"Katastrofe- og risikomanager, Københavns Professionshøjskole, 2023-2027. , Stx, Det frie Gymnasium, København, 2017-2020.","Boligordfører, Dyrevelfærdsordfører, Fødevareordfører, Klimaordfører, Miljøordfører, Naturordfører",https://www.dr.dk/parliament-member-images/ellen_emilie_500.jpg
Emilie Schytte,Løsgænger,,06-05-1993,33,,"HumTek, Roskilde Universitet, 2021-2024. , Cand.merc.sol, Copenhagen Business School (CBS), 2015-2017. , Ha(psyk.), Copenhagen Business School, 2012-2015. , Stx, Sorø Akademi, 2008-2011. , Folkeskole, Osted Skole, Skt. Josefs Skole Roskilde og Kirke Saaby Skole, 1998-2008.",,https://www.dr.dk/parliament-member-images/emilie_schytte_500.jpg
Eva Borchorst Mejnertz,Socialdemokratiet,A,30-07-1980,45,Gymnasielærer,,,https://www.dr.dk/parliament-member-images/foto-mangler_500x500.jpg
Eva Flyvholm,Enhedslisten,Ø,18-04-1981,45,,"Cand.scient.adm. i offentlig administration og internationale udviklingsstudier, Roskilde Universitet, 2002-2009. , Student, Kalundborg Gymnasium, 1997-2000. , Folkeskole, Buerup og Høng, 1987-1997.","Beredskabsordfører, EU-ordfører, Europarådsordfører, Forsvarsordfører, It-ordfører, Retsordfører",https://www.dr.dk/parliament-member-images/eva_flyvholm_500.jpg
Fie Hækkerup,Socialdemokratiet,A,25-07-1994,31,MF,"Cand.mag. i dansk, Københavns Universitet, 2020.",Miljøordfører,https://www.dr.dk/parliament-member-images/fie_haekkerup_500.jpg
Flemming Møller Mortensen,Socialdemokratiet,A,03-07-1963,63,Fhv. minister,"Lederuddannelse, Novartis, 2005-2007. , LiF-eksamen, 2002. , Salgsuddannelse, AstraZeneca, 2001-2004. , Specialuddannelse til anæstesisygeplejerske, Nordjyllands Amt, 1994-1996. , Sygeplejeskolen i Aalborg, 1984-1988. , Civilforsvarets gruppeføreruddannelse, Næstved, 1983. , Højere forberedelseseksamen, Aalborghus Statsgymnasium, 1980-1982.","Udenrigsordfører, Udviklingsordfører",https://www.dr.dk/parliament-member-images/flemming_mller_mortensen_500.jpg
Franciska Rosenkilde,Alternativet,Å,19-03-1976,50,Politisk leder for Alternativet,"Geografi (cand.scient.geo.), Københavns Universitet, 2015. , Sundhed og humanernæring (prof.-bach.), Suhrs Højskole, København, 2010.","Fødevareordfører, Landbrugsordfører, Psykiatriordfører, Sundhedsordfører, Grøn trepartsordfører, Ældreordfører",https://www.dr.dk/parliament-member-images/franciska_rosenkilde_500.jpg
Frederik Bloch Münster,Det Konservative Folkeparti,C,03-11-1994,31,Konsulent,"Cand.scient.pol., Københavns Universitet, 2015-2021.","Fødevareordfører, Landbrugsordfører, Miljøordfører, Politisk ordfører, Ordfører vedr. det tyske mindretal",https://www.dr.dk/parliament-member-images/frederik_bloch_mnster_500.jpg
Frederik Vad,Socialdemokratiet,A,01-09-1994,31,MF,"Ba i journalistik og arbejdslivsstudier, Roskilde Universitet, 2014-2016. , Student, Roskilde Gymnasium, 2010-2013. , Folkeskole, Vipperød Skole, 2000-2010.",Værdiordfører,https://www.dr.dk/parliament-member-images/frederik_vad_500.jpg
Freja Brandhøj,Liberal Alliance,I,13-10-1987,38,Chef for iværksætteripolitik,"Cand.scient.pol., Syddansk Universitet, 2008-2015. , Kamptropperne, Gardehusarregimentet, Slagelse, 2007. , Matematisk studentereksamen, Sønderborg Statsskole, 2003-2006.","Iværksætterordfører, Sundhedsordfører",https://www.dr.dk/parliament-member-images/freja_brandhoej_500.jpg
Frida Bruun,Moderaterne,M,31-12-1988,37,,"Freight forwarder, DFDS og Rybners, Esbjerg, 2014. , Eus, Rybners, Esbjerg, 2012. , Våbengast, Søværnets konstabeluddannelse, 2009. , Stx, Ribe Katedralskole, 2008.","Kirkeordfører, Kulturordfører, Landdistrikts- og øordfører, Transportordfører",https://www.dr.dk/parliament-member-images/frida_bruun_500.jpg
Hans Kristian Skibby,Danmarksdemokraterne,Æ,18-01-1969,57,Projektspeditør,"Højere handelseksamen, Horsens Handelsskole, 1986-1989.","Retsordfører, Skatteordfører, Transportordfører",https://www.dr.dk/parliament-member-images/hans_kristian_skibby_500.jpg
Helena Artmann Andresen,Liberal Alliance,I,26-09-2001,24,MF,"Alumne, CEPOS Akademi, 2022. , Hf, Kolding Gymnasium, 2018-2020.","Børneordfører, Dyrevelfærdsordfører, Undervisningsordfører",https://www.dr.dk/parliament-member-images/helena_artmann_andresen_500.jpg
Helle Bonnesen,Det Konservative Folkeparti,C,10-02-1963,63,MF,"Den lille kedelpassereksamen, 2017. , Bestyrelsesuddannelse, Business Kolding og INSEAD, 2012. , Diplom i fødevareøkonomi, Scandinavian International Management Institute (SIMI), 2004. , International Advertising Association Diploma (IAA), International Advertising Association, 1990. , Cand.merc. strategi og markedsføring, Copenhagen Business School (CBS), 1989.","Idrætsordfører, Kirkeordfører, Medieordfører, Udenrigsordfører, Udviklingsordfører",https://www.dr.dk/parliament-member-images/helle_bonnesen_500.jpg
Henrik Frandsen,Moderaterne,M,08-02-1961,65,,"Landmand, Ladelund Landbrugsskole, Brørup, 1985. , Student, Haderslev Katedralsskole, 1978-1981.",,https://www.dr.dk/parliament-member-images/henrik_frandsen_500.jpg
Ibrahim Benli,Enhedslisten,Ø,01-01-1979,47,Konsulent på beskæftigelsesområdet,"Diplomuddannelse i ledelse, Professionshøjskolen Metropol, København, 2013-2016. , Cand.mag., kultur- og sprogmødestudier og kommunikation, Roskilde Universitet, 2005-2008. , Kultur- og sprogmødestudier, kommunikation, interkulturel kommunikation, Roskilde Universitet, 2005-2008. , Forberedelseskursus i dansk som andet sprog, Roskilde Universitet, 2003-2004. , Journalistisk bachelor, Kommunikationsfakultetet, Ankara Üniversitesi, 1996-2001. , Studentereksamen, Sokullu Mehmet Pasa Lisesi, Ankara (gymnasium) , 1994-1998. , Grundskole, Sokullu Mehmet Pasa Ilkögretim Okulu, Ankara, 1986-1993.","Ældreordfører, Beskæftigelsesordfører, Handicapordfører",https://www.dr.dk/parliament-member-images/ibrahim_benli_500l.jpg
Ida Auken,Socialdemokratiet,A,22-04-1978,48,Sundhedsminister og Kirkeminister,"Innovating Towards our Sustainable Future, Executive education on AI and Sustainability, Nanjiang Technical University, Singapore, 2024. , Global Leadership and Public Policy for the 21st Century, Harvard Kennedy School, Boston, USA, 2017. , Leading from the Edge - Leadership Module, Saïd Business School, Oxford University, UK, 2014. , Cand.theol., Københavns Universitet, 1998-2006.",,https://www.dr.dk/parliament-member-images/ida_auken_500.jpg
Inger Støjberg,Danmarksdemokraterne,Æ,16-03-1973,53,"Formand for Danmarksdemokraterne, fhv. minister","Master of Business Administration, Aalborg Universitet, 2013. , InformationsAkademiet, Viborg Handelsskole, 1999. , 1-årig højere handelseksamen, Viborg Handelsskole, 1995. , Student, Morsø Gymnasium, 1993.",,https://www.dr.dk/parliament-member-images/inger_stoejberg_500.jpg
Jacob Harris,Løsgænger,,13-01-1986,40,Selvstændig montør,"Blikkenslager, TEC Gladsaxe, 2004-2008.",,https://www.dr.dk/parliament-member-images/jacob_harris_500.jpg
Jacob Jensen,Venstre,V,26-05-1973,53,Fhv. minister,"Cand.merc.jur., Copenhagen Business School (CBS), 1992-1998. , Matematisk student, Holbæk, 1989-1992.","Europaordfører, Udenrigsordfører","https://www.dr.dk/parliament-member-images/jacob_jensen_500,-d-,jpg.jpg"
Jacob Mark,Socialistisk Folkeparti,F,16-10-1991,34,"Børne-, ældre- og boligminister","Bachelor (journalistik, politik og administration), Roskilde Universitet, 2013-2017. , Student, Køge Gymnasium, 2008-2011. , Folkeskole, Alkestrupskolen, Tureby og Herfølge Skole, 2008.",,https://www.dr.dk/parliament-member-images/jacob_mark_500.jpg
Jakob Engel-Schmidt,Moderaterne,M,24-10-1983,42,Skatte- og vækstminister,"Cand.merc. i international business, Copenhagen Business School (CBS), 2004-2010. , Officer af reserven, Forsvaret, 2002-2004. , Matematisk student, Birkerød Gymnasium, 1999-2002.",,https://www.dr.dk/parliament-member-images/jakob_engel_schmidt_500.jpg
Jan Herskov,Dansk Folkeparti,O,15-07-1966,59,Politiassistent,"Politibetjent, Politiskolen, Amager og Brøndby, 1993-1996.","Psykiatriordfører, Sundhedsordfører",https://www.dr.dk/parliament-member-images/jan_herskov_500.jpg
Jens Henrik Thulesen Dahl,Danmarksdemokraterne,Æ,20-07-1961,64,Arbejdsmiljøkonsulent,"Diplomuddannelse i ledelse, VIA University College, 2009. , Voksenpædagogisk grundkursus, 1996. , Civilingeniør, Aalborg Universitet, 1985. , Nysproglig student, Rosborg Gymnasium, 1980.","EU-ordfører, Sundhedsordfører",https://www.dr.dk/parliament-member-images/jens_henrik_thulesen_dahl_500.jpg
Jens Meilvang,Liberal Alliance,I,02-04-1981,45,Statsautoriseret ejendomsmægler,"Statsaut. ejendomsmægler, Randers Handelsskole og Aarhus Købmandsskole, 2005. , Folkeskole, Forberedelsesskolen i Randers, 1996.","Retsordfører, Transportordfører",https://www.dr.dk/parliament-member-images/jens_meilvang_500.jpg
Jeppe Bruus,Socialdemokratiet,A,20-04-1978,48,Forsvarsminister,"Cand.scient.pol., Københavns Universitet, 1999-2007. , Hf, Stenhus Gymnasium & Hf, Holbæk, 1996-1998. , High school (senior), Kennedy High School, Iowa, USA, 1995-1996.",,https://www.dr.dk/parliament-member-images/jeppe_bruus_500.jpg
Jesper Petersen,Socialdemokratiet,A,25-08-1981,44,Fhv. minister,"Bachelor i statskundskab, Københavns Universitet, 2007. , Student, Haderslev Katedralskole, 2000.","Energiordfører, Forsyningsordfører, Klimaordfører",https://www.dr.dk/parliament-member-images/jesper_petersen_500.jpg
Joachim Riis,Liberal Alliance,I,03-02-1989,37,Head of Marketing & Partnerships,"Certificeret motivator og motivationsanalytiker, Mark Anthony ApS, København, 2016. , Faglært salgsassistent med speciale i tekstiler, Bestseller Academy, 2011. , Hhx, Roskilde Handelsskole, 2008. , Folkeskole, Kirke Hyllinge Skole, 2005. , Folkeskole, Sæby-Gershøj Skole, Lejre, 2003.","Cybersikkerhedsordfører, Digitaliseringsordfører, Forskningsordfører, Uddannelsesordfører",https://www.dr.dk/parliament-member-images/joachim_riis_500.jpg
Julie Jacobsen,Dansk Folkeparti,O,19-02-1985,41,Cand.scient.adm.,"Cand.scient.adm., Roskilde Universitet, 2023. , Samfundsvidenskabelig bachelor, Roskilde Universitet, 2019. , Hf fjernstudie, 2015.","Handicapordfører, Landdistrikts- og øordfører, Ordfører vedr. § 71-tilsynet , Socialordfører",https://www.dr.dk/parliament-member-images/julie_jacobsen_500.jpg
Jørgen Kvist,Socialistisk Folkeparti,F,08-03-1965,61,,"Cand. theol., Aarhus Universitet, 1997.","Civilsamfundsordfører, Fiskeriordfører, Kemiordfører, Klimasikringsordfører, Ordfører for nordisk samarbejde, Ordfører vedr. det tyske mindretal",https://www.dr.dk/parliament-member-images/joergen_kvist_500.jpg
Kaare Dybvad Bek,Socialdemokratiet,A,05-08-1984,41,Fhv. minister,"Cand.scient. i geografi og geoinformatik, Københavns Universitet, 2009-2012. , Bachelor i geografi/teksam, RUC, 2005-2008. , Højskole, Vinterskolen, Helsingør, 2005. , Sproglig student, Amtsgymnasiet i Roskilde, 2001-2004. , 10. klasse, Eisbjerghus Efterskole, Nørre Aaby, 2000-2001. , Folkeskole, Vipperød Skole, 1990-2000.",Finansordfører,"https://www.dr.dk/parliament-member-images/kaare_dybvad_500,-d-,jpg.jpg"
Karina Adsbøl,Danmarksdemokraterne,Æ,28-11-1976,49,Social- og sundhedsassistent,"Advokatsekretær AU Plus, 2014-2015. , Social- og sundhedsassistent, Social- og Sundhedsskolen i Fredericia, 2004-2005. , Social- og sundhedshjælper, Social- og Sundhedsskolen i Fredericia, 1999-2000. , Hg, Kolding Købmandsskole, 1993-1994.","Handicapordfører, Kommunalordfører, Psykiatriordfører, Socialordfører",https://www.dr.dk/parliament-member-images/karina_adsboel_500.jpg
Karina Lorentzen Dehnhardt,Socialistisk Folkeparti,F,26-10-1973,52,"Lærer, kommunikationskonsulent","Master i professionel kommunikation, Roskilde Universitet, 2016-2018. , Læsevejleder, CVU Lillebælt, 2007-2009. , Lærer, Haderslev Statsseminarium, 1998-2002. , Akademiøkonom, Esbjerg Business College, 1995-1997.","Landdistrikts- og øordfører, Retsordfører",https://www.dr.dk/parliament-member-images/karina_lorentzen_denhardt_500.jpg
Karsten Hønge,Socialistisk Folkeparti,F,25-09-1958,67,MF,"Fagjournalist, Danmarks Medie- og Journalisthøjskole, 2012-2013. , Tømrer, Aarhus, 1980-1983. , Student, Thisted Gymnasium, 1978. , Realeksamen, Nykøbing M, 1975.","Ordfører for den danske model, Færøerneordfører, Grønlandsordfører, Udenrigsordfører",https://www.dr.dk/parliament-member-images/karsten_hoenge_500.jpg
Kasper Roug,Socialdemokratiet,A,06-06-1979,47,Lektor,"Cand.scient.soc., Roskilde Universitet, 2005-2010. , Lærerstuderende, Vordingborg Seminarium, 2001-2005.","Beredskabsordfører, Europaordfører, Grønlandsordfører, Veteranordfører",https://www.dr.dk/parliament-member-images/kasper_roug_500.jpg
Katrine Daugaard,Liberal Alliance,I,01-10-1981,44,"MF, cand.musicae","Cand.musicae, Syddansk Musikkonservatorium & Skuespillerskole, 2005-2012.","Ordfører vedr. § 71-tilsynet , Kulturordfører, Socialordfører",https://www.dr.dk/parliament-member-images/katrine_daugaard_500.jpg
Katrine Evelyn Jensen,Socialdemokratiet,A,27-12-1996,29,,"Cand.jur., Aarhus Universitet, 2016-2022. , Student, Mariagerfjord Gymnasium, Hobro, 2012-2015. , Folkeskole, Hadsund Skole, 2002-2012.",Indfødsretsordfører,https://www.dr.dk/parliament-member-images/katrine_evelyn_jensen_500.jpg
Katrine Robsøe,Radikale Venstre,B,21-06-1991,35,Cand.scient.pol.,"Kandidat i statskundskab, Københavns Universitet, 2015-2018. , Bachelor i statskundskab, Aarhus Universitet, 2012-2015. , Student, Vestjysk Gymnasium, Tarm, 2008-2011.","Finansordfører, Reformordfører",https://www.dr.dk/parliament-member-images/katrine_robsoe_500.jpg
Kim Edberg Andersen,Danmarksdemokraterne,Æ,21-06-1973,53,MF,"Anlægsstruktør-Bac., Aalborg Universitet, 2012. , BSc.pol.adm., Aalborg Universitet, 2012.","Beskæftigelsesordfører, Dyrevelfærdsordfører, Fiskeriordfører, Fødevareordfører, Ligestillingsordfører, Miljøordfører",https://www.dr.dk/parliament-member-images/kim_edberg_andersen_500.jpg
Kirsten Normann Andersen,Socialistisk Folkeparti,F,28-04-1962,64,Afdelingsformand,"Uddannet sygehjælper, Frederiksberg, 1985.","Ældreordfører, Beskæftigelsesordfører, Indfødsretsordfører",https://www.dr.dk/parliament-member-images/kirsten_normann_andersen_500.jpg
Lars Aagaard,Moderaterne,M,13-08-1967,58,Fhv. minister,"Ledelsesnetværk 360 grader, 360 A/S, København, 2020-2022. , Forhandlingsteknik, Copenhagen Business School (CBS), 2019. , Executive board governance, Copenhagen Business School (CBS), 2018. , Cand.scient.adm., RUC, 1987-1994. , Samfundsvidenskabelig og matematisk student, Nordfyns Gymnasium, 1983-1986. , Folkeskolens afgangseksamen, Kroggårdsskolen, Odense, 1974-1983.","Energiordfører, Finansordfører, Forsyningsordfører, Indenrigsordfører",https://www.dr.dk/parliament-member-images/lars_aagaard_500.jpg
Lars Boje Mathiesen,Borgernes Parti,H,21-05-1975,51,MF,"Diplomuddannelse i offentlig ledelse (mangler sidste modul), 2008-2010. , Folkeskolelærer, Ribe Statsseminarium og Nørre Nissum Seminarium, 2000-2005. , Management og psykologi, Southeast Missouri State University, 1996-1999. , Hhx, Ribe Handelsskole, 1992-1995.",,https://www.dr.dk/parliament-member-images/lars_boje_mathiesen_500.jpg
Lars Løkke Rasmussen,Moderaterne,M,15-05-1964,62,Udenrigsminister,"Cand.jur., Københavns Universitet, 1992. , Samfundsfaglig-matematisk student, Helsinge Gymnasium, 1983. , Folkeskolens afgangseksamen, Græsted Skole, 1980.",,https://www.dr.dk/parliament-member-images/lars_loekke_rasmussen_500.jpg
Lars-Christian Brask,Liberal Alliance,I,25-05-1963,63,"Bestyrelsesformand, investor og iværksætter","Advanced Board Education, Columbia Business School, 2023. , Executive Management Education, Columbia Business School, New York, 2012. , Hd 1. del, uafsluttet 2. del (udenrigshandel), Københavns Handelshøjskole (CBS), 1990. , Flere finans- og ledelsesuddannelser fra bl.a. London Business School, Oxford University, Copenhagen Business School (CBS), International Management School, Bruxelles, Institute of Directors, London, 1989-2014. , Bankuddannet, Jyske Bank, Roskilde, 1986. , Sproglig handelsstudent, Roskilde Handelsskole, 1984. , Matematisk student, Himmelev Gymnasium, Roskilde, 1982.","Ordfører for nordisk samarbejde, Udenrigsordfører",https://www.dr.dk/parliament-member-images/lars-christian_brask_500.jpg
Lea Wermelin,Socialdemokratiet,A,10-05-1985,41,Fhv. minister,"Semester, statskundskab, Lunds Universitet, 2009. , Cand.scient.pol., Københavns Universitet, 2005-2011. , Student, Bornholms Gymnasium, 2001-2004.",Retsordfører,https://www.dr.dk/parliament-member-images/lea_wermelin_500.jpg
Leif Lahn Jensen,Socialdemokratiet,A,29-06-1967,59,"Første næstformand i Folketinget, næstformand for Statsrevisorerne, havnearbejder","Folkeskolens 10. klasse, Grenaa, 1974-1984.",,https://www.dr.dk/parliament-member-images/leif_lahn_jensen_500.jpg
Leila Stockmarr,Enhedslisten,Ø,01-04-1982,44,Seniorrådgiver,"Ph.d. i globale studier, Roskilde Universitet, 2011-2015. , MSc. i mellemøststudier, SOAS University of London, 2007-2008. , Kandidat i offentlig administration, Roskilde Universitet.","Børneordfører, Forskningsordfører, Kulturordfører, Medieordfører, Transportordfører, Uddannelsesordfører, Undervisningsordfører, Ungeordfører",https://www.dr.dk/parliament-member-images/leila_stockmarr_500.jpg
Lisbeth Bech-Nielsen,Socialistisk Folkeparti,F,01-12-1982,43,Minister for samfundssikkerhed og beredskab,"Kandidat i udvikling og internationale forhold, Aalborg Universitet, 2006-2009. , BSc i politik og administration, Aalborg Universitet, 2003-2006. , Sproglig studentereksamen, Sønderborg Statsskole, 1998-2001.",,https://www.dr.dk/parliament-member-images/lisbeth_bech-nielsen_500.jpg
Lisbeth Torfing,Enhedslisten,Ø,12-07-1987,38,Underviser,"Ph.d. i nordisk sprog og litteratur, Aarhus Universitet, 2016. , Kandidat i nordisk sprog og litteratur, Aarhus Universitet, 2013. , MA i islandske middelalderstudier, Háskóli Íslands (Islands Universitet), 2011. , Bachelor i nordisk sprog og litteratur, Aarhus Universitet, 2009. , Student, matematisk linje, Aarhus Katedralskole, 2006. , Grundskole, Tranbjergskolen, Næshøjskolen og Skt. Knuds Skole, Aarhus, 2003.","Boligordfører, Energiordfører, Forsyningsordfører, Indenrigsordfører, Kommunalordfører, Landdistrikts- og øordfører, Skatteordfører",https://www.dr.dk/parliament-member-images/lisbeth_torfing_500.jpg
Lise Bertelsen,Det Konservative Folkeparti,C,08-09-1975,50,Specialpædagog i børne- og ungdomspsykiatri,"Master i Vejledning/Programme in Guidance, Danmarks institut for Pædagogik og Uddannelse (DPU), Aarhus Universitet, Emdrup, 2014. , Autisme Diagnostisk Observation, Center for Autisme, København, 2011. , Kognitive behandlingsformer, Aarhus Universitetshospital, 2010. , Specialpædagog, Viborg Seminariet, 1999.","Børneordfører, Forskningsordfører, Psykiatriordfører, Undervisningsordfører",https://www.dr.dk/parliament-member-images/lise_bertelsen_500.jpg
Lise Müller,Socialistisk Folkeparti,F,21-01-1974,52,Sygeplejerske,"Master i sundhedspædagogik, Danmarks Pædagogiske Universitet, København , 2002-2003. , Sygeplejerske, H:S Sygeplejeuddannelsen, København, 1996-1999.","Integrationsordfører, Sundhedsordfører, Udlændingeordfører",https://www.dr.dk/parliament-member-images/lise_muller_500.jpg
Louise Louring,Venstre,V,23-05-1992,34,Jurist,"Persondatabeskyttelse, København Universitet, 2023. , Kandidat i jura, Aarhus Universitet, 2022. , Markedsføringsøkonom, Erhvervsakademi Aarhus, 2012-2014. , Hhx, Skanderborg-Odder Center for Uddannelse, 2009-2012. , Danish Badminton College, 2008-2009.","Arbejdsmiljøordfører, Forskningsordfører, Uddannelsesordfører",https://www.dr.dk/parliament-member-images/louise_louring_500.jpg
Mads Fuglede,Danmarksdemokraterne,Æ,23-08-1971,54,"Historiker, USA-analytiker","Cand.mag. i historie og filosofi, Aarhus Universitet, 2004. , Student, Dronninglund Gymnasium, 1989.","Energiordfører, Færøerneordfører, Forsyningsordfører, Grønlandsordfører, Kirkeordfører, Klimaordfører, Rigsfællesskabsordfører, Udenrigsordfører",https://www.dr.dk/parliament-member-images/mads_fuglede_500.jpg
Mads Strange,Liberal Alliance,I,07-11-1999,26,,"Kandidatuddannelse i statskundskab, København Universitet, 2025. , Student, Handelsgymnasiet JTP (Niels Brock), 2019.","Indfødsretsordfører, Politisk ordfører, Skatteordfører",https://www.dr.dk/parliament-member-images/mads_strange_500.jpg
Magnus Georg Jensen,Radikale Venstre,B,13-11-1995,30,Konsulent,"MSc EBA SOL, Copenhagen Business School (CBS), 2020-2022.","Ældreordfører, Boligordfører, Indfødsretsordfører, Integrationsordfører, Skatteordfører, Udlændingeordfører",https://www.dr.dk/parliament-member-images/magnus_georg_jensen_500.jpg
Magnus Heunicke,Socialdemokratiet,A,28-01-1975,51,Undervisningsminister,"Journalist, Danmarks Journalisthøjskole, Aarhus, 1998-2002. , Student, Næstved Gymnasium, 1992-1995. , 10. klasses afgangsprøve, Gunslevholm Idrætsefterskole, Falster, 1991-1992. , Folkeskolens 9. klasses afgangsprøve, Kildemarkskolen, Næstved, 1981-1991.",,https://www.dr.dk/parliament-member-images/magnus_heunicke_500.jpg
Mai Mercado,Det Konservative Folkeparti,C,20-08-1980,45,Fhv. minister,"Cand.scient.pol., Syddansk Universitet, 2001-2008. , Student, Odense Katedralskole, 1997-2000.","Dyrevelfærdsordfører, Retsordfører, Transportordfører",https://www.dr.dk/parliament-member-images/mai_mercado_500.jpg
Malte Larsen,Dansk Folkeparti,O,15-07-2001,24,Cand.jur.,"Cand.jur., Københavns Universitet, 2023-2025. , Ba.jur., Københavns Universitet, 2020-2023. , Stx, Helsingør Gymnasium, 2017-2020.","Energiordfører, Kirkeordfører, Klimaordfører, Konventionsordfører, Kulturordfører",https://www.dr.dk/parliament-member-images/malte_larsen_500.jpg
Malte Larsen,Socialdemokratiet,A,19-12-1968,57,Indehaver,"Læreruddannelse, Haderslev Seminarium, 2002-2004. , Portøruddannelse, Aarhus, 1995. , HF, Grenaa Gymnasium og HF, 1991-1993. , Udlandsrejse, Thailand, New Zealand, Australien og USA, 1989-1990. , Landbrugsuddannelse, Malling Landbrugsskole, 1984-1989. , Folkeskole, Hundslund Skole, Gylling Skole og Skovbakkeskolen, 1974-1984.","Digitaliseringsordfører, Iværksætterordfører, Skatteordfører, Vækstordfører",https://www.dr.dk/parliament-member-images/malte_larsen_500.jpg
Marcus Knuth,Det Konservative Folkeparti,C,02-04-1976,50,Master of Public Administration,"Stabsofficersuddannelsen (Føringskursus for Reserven, Brigade), Hærens Officersskole, 2024. , Master of Public Administration (MPA), Harvard University, USA, 2013. , Master of Business Administration (MBA), IESE Business School, Spanien, 2007. , Bachelor i økonomi, University of Virginia, USA, 2002. , Løjtnantsskolen, Hærens Kampskole, 1997. , IB-student, Københavns Internationale Skole, 1995.","Beredskabsordfører, Forsvarsordfører, Grønlandsordfører, Kommunalordfører, Landdistrikts- og øordfører",https://www.dr.dk/parliament-member-images/marcus_knuth_500.jpg
Marianne Bigum,Socialistisk Folkeparti,F,10-04-1983,43,"Miljøingeniør, ph.d.","Ph.d., Danmark Tekniske Universitet, 2014. , Civilingeniør i miljøteknologi, Danmarks Tekniske Universitet, 2009. , Diplomingeniør i kemi, Danmarks Tekniske Universitet, 2007. , Student, Helsingør Gymnasium, 2002. , Folkeskole, Rungsted Skole, 1995-1999. , Folkeskole, Mørdrupskolen, Espergærde, 1990-1995.","Cirkulær økonomiordfører, Erhvervsordfører, Havmiljøordfører",https://www.dr.dk/parliament-member-images/marianne_bigum_500.jpg
Marie Bjerre,Venstre,V,06-05-1986,40,Fhv. minister,"LL.M. (Master of Laws), University of California, Berkeley School of Law, 2015-2016. , Cand.jur, Københavns Universitet, 2008-2011. , Ba.jur , Københavns Universitet, 2005-2008. , Matematisk student, Viborg Katedralskole, 2002-2005. , Folkeskole, Rødkærsbro Skole, 1992-2002.","Dyrevelfærdsordfører, Fødevareordfører, Kulturordfører, Medieordfører, Miljøordfører, Naturordfører",https://www.dr.dk/parliament-member-images/marie_bjerre_500.jpg
Marie Brixtofte,Venstre,V,12-01-1979,47,,"Aut.cand.psych (autoriseret psykolog), Psykolognævnet, 2017. , Cand.Psych (Psykolog), Københavns Universitet, 2011-2015. , MSc Finance and Economics, London School of Economics, London, 2002-2003. , BSc Psychology and Economics, City St George''s, University of London, 1999-2002.","Boligordfører, Skatteordfører",https://www.dr.dk/parliament-member-images/marie_brixtofte_500.jpg
Marlene Ambo-Rasmussen,Venstre,V,14-03-1986,40,MF,"Ba i erhvervsjura og erhvervsøkonomi, Syddansk Universitet, 2010-2014. , Markedsføringsøkonom, Tietgen Business College, 2008-2010.","Børneordfører, Familieordfører, Indfødsretsordfører, Integrationsordfører, Trivselsordfører",https://www.dr.dk/parliament-member-images/marlene_ambo-rasmussen_500.jpg
Marlene Harpsøe,Danmarksdemokraterne,Æ,03-08-1983,42,Sygeplejerske,"Sygeplejerske og professionsbachelor i sygepleje, Københavns Professionshøjskole, 2023. , Kontorassistent, Accoat A/S, 2006. , Hg-studenterforløb, Hillerød Handelsskole, 2004. , Sproglig student, Espergærde Gymnasium, 2002.","Ældreordfører, Børneordfører, Forskningsordfører, Uddannelsesordfører, Undervisningsordfører",https://www.dr.dk/parliament-member-images/marlene_harpsoee_500.jpg
Martin Lidegaard,Radikale Venstre,B,12-12-1966,59,"Erhvervs- og konkurrencekraftsminister, politisk leder for Radikale Venstre","Cand.comm., Roskilde Universitetscenter, 1987-1993. , Student, Helsingør Amtsgymnasium, 1982-1985. , Humlebæk Kommuneskole, 1973-1982.",,https://www.dr.dk/parliament-member-images/martin_lidegaard_500.jpg
Mathilde Hjort Bressum,Venstre,V,05-10-1998,27,,"Cand.scient.pol., Aarhus Universitet, 2022-2024. , Bsc scient.pol., Aarhus Universitet, 2018-2021. , Hhx, Handelsgymnasiet Tradium, Randers, 2014-2017. , Folkeskole, Randers Realskole, 2011-2014. , Folkeskole, Hornbæk Skole, Randers, 2003-2011.","Energiordfører, Forsyningsordfører, Iværksætterordfører, Klimaordfører",https://www.dr.dk/parliament-member-images/mathilde_hjort_bressum_500.jpg
Matilde Powers,Socialdemokratiet,A,08-04-1982,44,Sygeplejerske,"Kandidat i sundhedsfremme og sundhedsstrategier, Roskilde Universitet, 2013-2016. , Diplom i sundhedsfremme og forebyggelse, Professionshøjskolen Metropol, København, 2010-2012. , Sygeplejerske, H:S Sygeplejerskeuddannelsen, København, 2003-2006.",Undervisningsordfører,https://www.dr.dk/parliament-member-images/matilde_powers_500.jpg
Mattias Tesfaye,Socialdemokratiet,A,31-03-1981,45,Fhv. minister,"Murerlærling, Aarhus, 1998-2001.",,https://www.dr.dk/parliament-member-images/mattias_tesfaye_500.jpg
Mette Abildgaard,Det Konservative Folkeparti,C,12-10-1988,37,Formand for Statsrevisorerne,"Cand.soc., Roskilde Universitet, 2007-2013. , Samfundsfaglig student, Tørring Gymnasium, 2004-2007.",Familieordfører,https://www.dr.dk/parliament-member-images/mette_abildgaard_500.jpg
Mette Frederiksen,Socialdemokratiet,A,19-11-1977,48,Statsminister,"Masteruddannelse i afrikastudier, Københavns Universitet, 2009. , Bachelor i administration og samfundsfag, Aalborg Universitet, 2007. , Student, Aalborghus Gymnasium, 1993-1996. , Byplanvejens Skole, 1983-1993.",,https://www.dr.dk/parliament-member-images/mette_frederiksen_500.jpg
Mette Thiesen,Dansk Folkeparti,O,20-12-1981,44,Lærer,"Lærer, N. Zahles Seminarium, 2004-2008. , Studentereksamen, Espergærde Gymnasium, 1998-2001. , 10. klasse, Asminderød Skole, 1997-1998. , Folkeskole, Endrupskolen, 1987-1997.","EU-ordfører, Udenrigsordfører",https://www.dr.dk/parliament-member-images/mette_thiesen_500.jpg
Michael Nedersøe,Dansk Folkeparti,O,22-10-1978,47,Ufaglært,,"Transportordfører, Udviklingsordfører",https://www.dr.dk/parliament-member-images/michael_nedersoe_500.jpg
Mikkel Bjørn,Dansk Folkeparti,O,19-10-1995,30,MF,"Skolelærer, Jelling seminarium, 2016-2020.","Indfødsretsordfører, Integrationsordfører, Udlændingeordfører",https://www.dr.dk/parliament-member-images/mikkel_bjoern_500.jpg
Mikkel Dencker,Dansk Folkeparti,O,20-11-1975,50,Selvstændig,"Ha-studier, Vestsjællands Handelshøjskolecenter, 2000-2001. , Økonomistudier, Københavns Universitet, 1996-2000. , 1-årig hh, Vestegnens Handelsskole, 1995-1996. , Matematisk studentereksamen, Rødovre Gymnasium, 1992-1995. , Folkeskole, Præstemoseskolen, 1982-1992.",Skatteordfører,https://www.dr.dk/parliament-member-images/mikkel_denker_500.jpg
Mogens Jensen,Socialdemokratiet,A,31-10-1963,62,Fhv. minister,"Fagbevægelsens lederuddannelse, LO-Skolen, Helsingør, 1997-1999. , Student, Morsø Gymnasium, 1979-1982. , Nykøbing Mors Folke- og Realskole, 1970-1979.",,https://www.dr.dk/parliament-member-images/mogens_jensen_500.jpg
Mohammad Rona,Moderaterne,M,10-01-1985,41,MF,"Hd i organisation og ledelse, Aalborg Universitet, 2011-2013. , Finansøkonom, Niels Brock, København, 2007-2009.","Indfødsretsordfører, Integrationsordfører, Politisk ordfører, Udlændingeordfører",https://www.dr.dk/parliament-member-images/mohammad_rona_500.jpg
Mona Juul,Det Konservative Folkeparti,C,20-09-1967,58,Formand for Det Konservative Folkeparti,"Strategisk planning, Den Danske Reklameskole, 2000-2001. , Hd (A), Handelshøjskole Syd (Syddansk Universitet), 1992-1993. , Ha (E), Handelshøjskole Syd (Syddansk Universitet), 1988-1990. , Matematisk student, Amtsgymnasiet Horsens, 1983-1986.",,https://www.dr.dk/parliament-member-images/mona_juul_500.jpg
Monika Rubin,Moderaterne,M,20-12-1987,38,Socialminister og minister for nordisk samarbejde,"Ph.d. i sundhedsvidenskab, Københavns Universitet, 2023. , Cand.med., Københavns Universitet, 2015.",,https://www.dr.dk/parliament-member-images/monika_rubin_500.jpg
Morten Bødskov,Socialdemokratiet,A,01-05-1970,56,Udlændinge- og integrationsminister,"Ba i samfundsfag, Aalborg Universitet, 1994. , Stud.scient.adm., Aalborg Universitet, 1991-1994. , Viborg Amtsgymnasium, 1987-1990. , Karup Skole, 1977-1987.",,https://www.dr.dk/parliament-member-images/morten_bodskov_500.jpg
Morten Dahlin,Venstre,V,01-05-1989,37,Fhv. minister,"BSc ha(kom.), Copenhagen Business School (CBS), 2009-2012. , Værnepligtig, DANILOG, Vordingborg, 2008. , Student, Greve Gymnasium, 2005-2008. , Folkeskole, Krogårdskolen, Hundige, 1995-2005.",Udlændingeordfører,https://www.dr.dk/parliament-member-images/morten_dahlin_500.jpg
Morten E.G. Brautsch,Moderaterne,M,26-03-1985,41,,"Cand.jur., Aarhus Universitet, 2006-2012. , Folkeskolens afgangseksamen, Bramdrup Skole, Kolding, 2001. , Studentereksamen, Kolding Amtsgymnasium, 2001-2004.","Færøerneordfører, Grønlandsordfører, Ordfører for nordisk samarbejde, Retsordfører, Sikkerhedsordfører, Udenrigsordfører",https://www.dr.dk/parliament-member-images/morten_eg_brautsch_500.jpg
Morten Messerschmidt,Dansk Folkeparti,O,13-11-1980,45,"Formand for Dansk Folkeparti, cand.jur.","Cand.jur., Københavns Universitet, 2009. , Student, Sankt Annæ Gymnasium, 1996-1999.",,https://www.dr.dk/parliament-member-images/morten_messerschmidt_500.jpg
Naaja H. Nathanielsen,Inuit Ataqatigiit,,06-12-1975,50,Fhv. naalakkersuisoq/minister,"Master i journalistik, Ilisimatusarfik, Grønlands Universitet, Nuuk, 2024. , Cand.psych.aut., Københavns Universitet, 2001.",,"https://www.dr.dk/parliament-member-images/naaja_h,-d-,_nathanielsen_500.jpg"
Nadja Natalie Isaksen,Løsgænger,,05-01-1995,31,Cand.jur.,"Cand.jur., København Universitet, 2017-2020. , Ba.jur., Aalborg Universitet, 2014-2017. , Hhx, Handelsgymnasiet Aalborg, 2011-2014.",,https://www.dr.dk/parliament-member-images/nadja_nathalie_isaksen_500.jpg
Nanna Bonde,Socialistisk Folkeparti,F,18-05-1993,33,Sociolog,"Kandidat i sociologi, Københavns Universitet, 2022. , Bachelor i sociologi, Københavns Universitet, 2020. , Student, Tønder Gymnasium, 2013.","Energiordfører, Forsyningsordfører, Klimaordfører, Undervisningsordfører",https://www.dr.dk/parliament-member-images/nanna_bonde_500.jpg
Nick Zimmermann,Dansk Folkeparti,O,30-08-1994,31,MF,"Lager- og logistikoperatør, Aarhus Tech, 2012-2015.","Beskæftigelsesordfører, Erhvervsuddannelsesordfører, Tilbagetræknings- og seniorordfører",https://www.dr.dk/parliament-member-images/nick_zimmermann_500.jpg
Nicolai Wammen,Socialdemokratiet,A,07-02-1971,55,Justitsminister,"Cand.scient.pol., Aarhus Universitet, 2001. , Student, Marselisborg Gymnasium, 1991. , High schoolophold, i Massachusetts, USA, 1987-1988. , 10. klasse, Brobjergskolen i Aarhus, 1987.",,"https://www.dr.dk/parliament-member-images/nicolai_wammen_pdf,-d-,jpg.jpg"
Ole Birk Olesen,Liberal Alliance,I,21-12-1972,53,Fhv. minister,"Journalistuddannelsen, Danmarks Journalisthøjskole, 1995-1999. , Matematisk studentereksamen, Aabenraa Statsskole, 1989-1992. , Efterskole, 9.-10. klasse, Vojens Ungdomsskole, 1987-1989. , Folkeskole, 0.-8. klasse, Agerskov Skole, 1978-1987.","Finansordfører, Fødevareordfører, Landdistrikts- og øordfører, Miljøordfører, Naturordfører, Ordfører for ny vækst på landet",https://www.dr.dk/parliament-member-images/ole_birk_olesen_500.jpg
Peder Hvelplund,Enhedslisten,Ø,08-09-1967,58,Pædagog,"Fritidspædagog, Hjørring Seminarium, 1990-1993. , Gymnasium, Ringkøbing Gymnasium, 1983-1986. , Folkeskole, Tim Skole, 1981-1983. , Folkeskole, Hover-Thorsted Friskole, 1974-1981.","Indfødsretsordfører, Integrationsordfører, Psykiatriordfører, Sundhedsordfører, Udlændingeordfører",https://www.dr.dk/parliament-member-images/peder_hvelplund_500.jpg
Pelle Dragsted,Enhedslisten,Ø,13-04-1975,51,MF,"Master i retorik og formidling, Aarhus Universitet, 2011-2016. , Kandidatstuderende i historie og spansk, Københavns Universitet, 2002-2005. , Bachelor i historie, Københavns Universitet, 1997-2001.",Politisk ordfører,https://www.dr.dk/parliament-member-images/pelle_dragsted_500.jpg
Pernille Christensen,Moderaterne,M,18-06-1974,52,,"Cand.scient.pol., Aarhus Universitet, 2002. , Matematisk studentereksamen, Rødkilde Amtsgymnasium, 1994.","Ældreordfører, Beskæftigelsesordfører, Socialordfører",https://www.dr.dk/parliament-member-images/pernille_christensen_500.jpg
Pernille Vermund,Liberal Alliance,I,03-12-1975,50,Bygningsarkitekt,"Enkeltfag i erhvervsøkonomi og markedsføring, Niels Brock, 2004-2005. , Cand.arch., Kunstakademiets Arkitektskole, København, 1995-2001. , Matematisk studentereksamen, Helsingør Gymnasium, 1991-1994.","Beskæftigelsesordfører, Havordfører, Kirkeordfører, Udlændingeordfører",https://www.dr.dk/parliament-member-images/pernille_vermund_500.jpg
Peter Hummelgaard,Socialdemokratiet,A,17-01-1983,43,Finansminister,"Cand.jur., Københavns Universitet, 2004-2012. , Student, Tårnby Gymnasium, 2000-2003. , Folkeskole, Skottegårdsskolen, 1989-1999.",,https://www.dr.dk/parliament-member-images/peter_hummelgaard_500.jpg
Peter Juel-Jensen,Venstre,V,18-05-1966,60,Viceskoleinspektør,"Læreruddannet, Hjørring Seminarium, 1996-2000. , Linjeofficer, Frederiksberg Slot, 1991-1993. , Efg og hh, Bornholms Erhvervsskole, Rønne, 1984-1987.","Beredskabsordfører, Transportordfører",https://www.dr.dk/parliament-member-images/peter_juel-jensen_500.jpg
Peter Kofod,Dansk Folkeparti,O,27-02-1990,36,MF,"Folkeskolelærer, UC Syddanmark, Haderslev, 2011-2015. , Hærens basisuddannelse, Telegrafregimentet, Fredericia, 2010. , Studentereksamen, Bornholms Gymnasium, 2006-2009.","Familieordfører, Politisk ordfører",https://www.dr.dk/parliament-member-images/peter_kofod_500.jpg
Peter Larsen,Liberal Alliance,I,17-11-1971,54,Selvstændig,"Finansdiplomstudiet, 1995-1997. , 1 årig HH, Nykøbing Mors, 1993. , Folkeskolens afgangseksamen, Tingstrup Skole, Thisted, 1987. , Student, Thisted Gymnasium, 1987-1990.","Boligordfører, Idrætsordfører, Indenrigsordfører",https://www.dr.dk/parliament-member-images/peter_larsen_500.jpg
Philip Vivet,Radikale Venstre,B,20-08-2000,25,,"Bachelorstuderende, samfundsfag og musikvidenskab (p.t. orlov), Aarhus Universitet fra 2023. , Stx (musik A - matematik A), Herning Gymnasium, 2017-2020. , Efterskole, Orkesterefterskolen, Holstebro, 2016-2017. , Folkeskole, Herningsholmskolen, Herning, 2013-2016.","Børneordfører, Idrætsordfører, Kulturordfører, Medieordfører, Transportordfører, Undervisningsordfører",https://www.dr.dk/parliament-member-images/philip_vivet_500.jpg
Pia Olsen Dyhr,Socialistisk Folkeparti,F,30-11-1971,54,"Økonomi- o g indenrigsminister, partiformand","Kandidat i statskundskab, Københavns Universitet (orlov 2000-2010), 1992-2010.",,https://www.dr.dk/parliament-member-images/pia_olsen_dyhr_500.jpg
Pil Christensen,Enhedslisten,Ø,24-06-1984,42,Naturpolitisk rådgiver,,"Demokratiordfører, Ligestillingsordfører, Miljøordfører, Naturordfører",https://www.dr.dk/parliament-member-images/pil_christensen_500.jpg
Preben Bang Henriksen,Venstre,V,11-02-1954,72,Fhv. advokat (H),"Cand.jur., Aarhus Universitet, 1979. , Student, Nørresundby Gymnasium, 1974. , Garden City High School, New York, 1973.",Retsordfører,https://www.dr.dk/parliament-member-images/preben_bang_henriksen_500.jpg
Qarsoq Høegh-Dam,Naleraq,,,,,,,https://www.dr.dk/parliament-member-images/qarsoq_hoegh-dam_500.jpg
Rasmus Lund-Nielsen,Moderaterne,M,21-10-1988,37,Psykolog og forfatter,"Cand.psych, Københavns Universitet, 2009-2015.","Børneordfører, Pensionsordfører, Psykiatriordfører, Sundhedsordfører, Trivselsordfører, Undervisningsordfører",https://www.dr.dk/parliament-member-images/rasmus_lund_nielsen_500.jpg
Rasmus Stoklund,Socialdemokratiet,A,17-03-1984,42,Fhv. minister,"Cand.scient.pol., Københavns Universitet, 2009-2012. , BSc.pol., Københavns Universitet, 2006-2009. , Student, Fredericia Amtsgymnasium, 2000-2003.",Politisk ordfører,https://www.dr.dk/parliament-member-images/rasmus_stoklund_500.jpg
Rasmus Vestergaard Madsen,Enhedslisten,Ø,07-06-1991,35,Økologisk landmand og socialpædagog,"Socialpædagog, VIA University College, Aarhus, 2015-2020. , Økologisk landmand, Kalø Økologisk Landbrugsskole, Rønde, 2010-2013. , Studentereksamen, Marselisborg Gymnasium, Aarhus, 2007-2010.","Dyrevelfærdsordfører, Fiskeriordfører, Fødevareordfører, Klimaordfører, Landbrugsordfører, Ordfører vedr. det tyske mindretal",https://www.dr.dk/parliament-member-images/rasmus_vestergaard_madsen_500.jpg
Rune Bønnelykke,Dansk Folkeparti,O,19-07-1972,53,Selvstændig,"Merkonom i ledelse & samarbejde, Svendborg Handelsskole, 1988-1990.","Ældreordfører, Fiskeriordfører, Fødevareordfører, Landbrugsordfører, Miljøordfører",https://www.dr.dk/parliament-member-images/rune_boennelykke_500.jpg
Rune Kristensen,Det Konservative Folkeparti,C,07-04-1982,44,Chefkommunikationskonsulent,"Engelsk (Common European Framework of Reference for Languages (CEFR), niveau C1), Virksomhedsskolen, 2018. , Finansiel forretningsforståelse, Aalborg Universitet (AAU Executive), 2017. , Kandidat i statskundskab, Københavns Universitet, 2012. , Bachelor i statskundskab, Syddansk Universitet, 2007. , Hhx, Lollands Handelsgymnasium, 2002. , Efterskole, Humble Efterskole, 1999. , Folkeskole, Halsted-Aunede Centralskole, 1998. , Lederuddannelse, Det Danske Spejderkorps, 1996.","Erhvervsordfører, Færøerneordfører, Finansordfører",https://www.dr.dk/parliament-member-images/rune_kristensen_500.jpg
Samira Nawa,Radikale Venstre,B,30-03-1988,38,"Klima-, energi- og forsyningsminister","Enkeltfag, University of Hyderabad, 2012. , Enkeltfag, London School of Economics, 2009. , Cand.polit., Københavns Universitet, 2007-2014. , Matematisk student, Roskilde Katedralskole, 2004-2007.",,https://www.dr.dk/parliament-member-images/samira_nawa_500.jpg
Signe Munk,Socialistisk Folkeparti,F,10-03-1990,36,"By-, land- og transportminister","Sygeplejerske, VIA University College Viborg , 2023. , Bachelor i statskundskab, Aarhus Universitet, 2010-2013. , Student, Viborg Katedralskole, 2006-2009.",,https://www.dr.dk/parliament-member-images/signe_munk_500.jpg
Signe Wenneberg,Alternativet,Å,12-04-1968,58,"Retoriker, redaktør og journalist, foredragsholder","Retorik og kulturjournalistik, Københavns Universitet, 1991-1997. , Samfundssproglig studentereksamen, Haslev Gymnasium, 1984-1987.","Boligordfører, Færøerneordfører, Forsvarsordfører, Grønlandsordfører, Iværksætterordfører, Kirkeordfører, Kulturordfører, Medieordfører, Udenrigsordfører, Udviklingsordfører, Beredskabsordfører, Dyrerettighedsordfører, Indenrigsordfører",https://www.dr.dk/parliament-member-images/signe_wenneberg_500.jpg
Sigurd Agersnap,Socialistisk Folkeparti,F,02-03-1993,33,MF,"Cand.scient.pol, Københavns Universitet, 2015-2020.",Politisk ordfører,https://www.dr.dk/parliament-member-images/sigurd_agersnap_500.jpg
Simon Kollerup,Socialdemokratiet,A,20-05-1986,40,Fhv. minister,"Cand.scient.pol., Københavns Universitet, 2009-2011. , Værnepligt, Flyvevåbnet, 2006. , BSc.pol., Københavns Universitet, 2006-2009. , Gymnasial uddannelse, Thisted Gymnasium og HF-kursus, 2002-2005.",Forsvarsordfører,https://www.dr.dk/parliament-member-images/simon_kollerup_500.jpg
Sinem Dybvad Demir,Enhedslisten,Ø,11-04-1992,34,Faglært tjener og selvstændig,"Faglært tjener, Kokke- og Tjenerskolen ZBC, Slagelse, 2021. , Student, Tornbjerg Gymnasium, Odense, 2011. , Folkeskolens afgangseksamen, Kragsbjergskolen, Odense, 2008.","Arbejdsmarkedsordfører, Arbejdsmiljøordfører, Erhvervsordfører",https://www.dr.dk/parliament-member-images/sinem_dybvad_demir_500.jpg
Sjúrður Skaale,Javnaðarflokkurin,,08-03-1967,59,Cand.scient.pol.,"Cand.scient.pol., Københavns Universitet og Universidad Complutense de Madrid, 1992-1997. , Suppleringsuddannelse i spansk, Københavns Universitet, 1990-1991.",,https://www.dr.dk/parliament-member-images/sjurdur_skaale_500.jpg
Sofie F. Villadsen,Socialistisk Folkeparti,F,27-02-1994,32,,"Cand.pæd. i pædagogisk antropologi, Aarhus Universitet, Emdrup, 2025. , Folkeskolelærer, VIA University College, Aarhus, og Københavns Professionshøjskole, København, 2022.","Forskningsordfører, Indenrigsordfører, Uddannelsesordfører",https://www.dr.dk/parliament-member-images/sofie_f_villadsen_500.jpg
Sofie Lippert,Socialistisk Folkeparti,F,20-12-1995,30,MF,"Bachelor i matematik, Aarhus Universitet, 2016-2019.","Finansordfører, Skatteordfører",https://www.dr.dk/parliament-member-images/sofie_lippert_500.jpg
Sofie Therese Svendsen,Det Konservative Folkeparti,C,10-08-2002,23,Studerende,"Bachelorstuderende, Kommunikation og digitale medier, Aalborg Universitet fra 2024. , Stx, Aalborghus Gymnasium, 2018-2021. , Folkeskole, Gug Skole, Aalborg.","Digitaliseringsordfører, Kunstig-intelligensordfører, Ligestillingsordfører, Skatteordfører, Uddannelsesordfører",https://www.dr.dk/parliament-member-images/sofie_therese_svendsen_500.jpg
Sofie de Bretteville,Socialdemokratiet,A,29-03-2001,25,Jordemoderstuderende,"Jordemoderuddannelsen, Københavns Proffesionshøjskole fra 2022. , Folkeskole, Hedegårdsskolen, Ballerup, 2007-2017. , Hf-student, HF-kursus, Frederiksberg, 2020.",Børneordfører,https://www.dr.dk/parliament-member-images/sofie_de_bretteville_500.jpg
Sophie Hæstorp Andersen,Socialdemokratiet,A,26-09-1974,51,Fhv. minister,"Cand.scient.pol., Københavns Universitet, 2006. , Matematisk studentereksamen, Gladsaxe Gymnasium, 1991-1994. , Udvekslingsstudent, Aurora Central High School, Colorado, USA, 1990-1991. , 9. klasse, Gladsaxe Skole, 1980-1990.","Hovedstadsordfører, Idrætsordfører, Kulturordfører, Medieordfører",https://www.dr.dk/parliament-member-images/sophie_haestorp_andersen_500.jpg
Sophie Løhde,Venstre,V,11-09-1983,42,Fhv. minister,"Young European Leadership Programme, International Visitor Leadership Programme, U.S. Embassy, 2011. , Bachelor i erhvervsøkonomi og virksomhedskommunikation, Copenhagen Business School (CBS), 2004-2007. , Sproglig studentereksamen, Frederiksborg Gymnasium og HF, 1999-2002. , Folkeskolens afgangseksamen, Parkvejskolen, Birkerød, 1999.","Indenrigsordfører, Politisk ordfører",https://www.dr.dk/parliament-member-images/sophie_lohde_500.jpg
Steffen Holme Helledie,Radikale Venstre,B,12-10-1989,36,International virksomhed-konsulent,"MSc i Innovation Management , Aalborg Universitet og Graduate, University of Chinese Academy of Sciences, 2012-2014. , Bachelor i erhvervsøkonomi, Aalborg Universitet, 2009-2012. , Hhx, Hjørring Handelsskole, 2006-2009. , Folkeskole, Lundergårdskolen, Hjørring, 1995-2005.","Digitaliseringsordfører, Erhvervsordfører, Europaordfører, It-ordfører",https://www.dr.dk/parliament-member-images/steffen_holme_helledie_500.jpg
Steffen W. Frølund,Liberal Alliance,I,15-07-1984,41,MF,"MSc. Management of Innovation and Business Development (MIB), Copenhagen Business School (CBS), 2011.","Energiordfører, Erhvervsordfører, Klimaordfører",https://www.dr.dk/parliament-member-images/steffen_w_froelund_500.jpg
Stephanie Lose,Venstre,V,14-12-1982,43,Fhv. minister,"Bestyrelsesuddannelse, Copenhagen Business School (CBS), 2019. , Cand.oecon, Syddansk Universitet, 2001-2006. , Student, Tønder Gymnasium, 1998-2001. , Folkeskole, Løgumkloster Kommuneskole, 1996-1998. , Folkeskole, Nr. Løgum Centralskole, 1988-1996.","Finansordfører, Pensions- og tilbagetræningsordfører, Ordfører for vækst og reformer",https://www.dr.dk/parliament-member-images/stephanie_lohse_500.jpg
Stinus Lindgreen,Radikale Venstre,B,09-08-1980,45,"Ph.d., forsker","Ph.d. i bioinformatik, Københavns Universitet, 2006-2010. , Kandidat i bioinformatik, Københavns Universitet, 2003-2006. , Bachelor i datalogi, Københavns Universitet, 2000-2003.","Beredskabsordfører, Forskningsordfører, Forsvarsordfører, Sundhedsordfører, Uddannelsesordfører",https://www.dr.dk/parliament-member-images/stinus_lindgreen_500.jpg
Susie Jessen,Danmarksdemokraterne,Æ,21-02-1985,41,Journalist,"Journalist, Danmarks Journalisthøjskole (DMJX), 2006-2010. , Student, Vordingborg Gymnasium, 2000-2003. , Grundskole, Niels Steensens, København, 2000.","Kulturordfører, Landdistrikts- og øordfører, Medieordfører, Politisk ordfører",https://www.dr.dk/parliament-member-images/susie_jessen_500.jpg
Sólbjørg Jakobsen,Liberal Alliance,I,08-08-1991,34,MF,"Cand.jur., Aalborg Universitet, 2014-2016. , Bac.jur., Aalborg Universitet, 2011-2014. , Hhx, Handelsskolen på Færøerne, Kambsdal, 2007-2011. , Folkeskolen, Runavíkar Kommunuskúli, Runavík, Færøerne, 1998-2007.","Færøerneordfører, Familieordfører, Ligestillingsordfører",https://www.dr.dk/parliament-member-images/solbjoerg_jakobsen_500.jpg
Søren Boel Olesen,Dansk Folkeparti,O,21-06-1984,42,Automekaniker,"Bestyrelsesuddannelse, Aarhus Universitet, 2019-2020. , Pædagogisk diplomuddannelse, Metropol København, 2009-2011. , Mekaniker, Uddannelsescenter Holstebro, 2001-2005. , Grundskole, Halgård Skole, Holstebro, AFCENT International School, Brunssum, Holland og Tvis Skole Holstebro, 1990-2001.","Erhvervsordfører, Indenrigsordfører",https://www.dr.dk/parliament-member-images/soeren_boel_olesen_500.jpg
Søren Gade,Venstre,V,27-01-1963,63,Folketingets formand,"IAA-diplomuddannelse, Den danske Reklameskole, 1999. , FN-observatørkursus, 1999. , Cand.oecon., Aarhus Universitet, 1990. , VUT-I for reserveofficerer, 1988-1989. , Løjtnantskolen, Oksbøl, 1985-1990. , Sergentskolen, Sønderborg, 1983. , Student, samfundsfaglig linje, Holstebro Gymnasium, 1980-1982. , Sønderlandsskolen, Holstebro, 1979.","Fiskeriordfører, Idrætsordfører, Kirkeordfører",https://www.dr.dk/parliament-member-images/soeren_gade_500.jpg
Theresa Berg Andersen,Socialistisk Folkeparti,F,29-12-1979,46,MF,"Master i offentlig ledelse, Aarhus Universitet, 2010-2015. , Pædagog, Ranum Seminarium, 1999-2003.","Børneordfører, Kirkeordfører",https://www.dr.dk/parliament-member-images/theresa_berg_andersen_500.jpg
Thomas Danielsen,Venstre,V,24-06-1983,43,Fhv. minister,"Bankrådgiveruddannelse, Sparekassen Holstebro, 2009. , Lastvognsmekaniker, Iveco, Holstebro, 2004.","Erhvervsordfører, Forsvarsordfører",https://www.dr.dk/parliament-member-images/thomas_danielsen_500.jpg
Thomas Klimek,Socialdemokratiet,A,14-02-1977,49,,"Folkeskolelærer, Hjørring Seminarium, 2003-2007. , Hf, Fyns HF-kursus, Odense, 1999-2001. , Erhvervsuddannelse, salgsassistent, Mr. Isaksen, Odense, 1996-1998. , Hg, Tietgenskolen, Odense, 1995-1996.","Ældreordfører, Færøerneordfører",https://www.dr.dk/parliament-member-images/thomas_klimek_500.jpg
Thomas Monberg,Socialdemokratiet,A,19-04-1976,50,MF,"Linjefag i religion, kristendom og filosofi, UCL Erhvervsakademi og Professionshøjskole, Odense, 2021. , Hf enkeltfag historie og matematik, Horsens HF og VUC, 2019. , Grafisk trykker, Kolding Tekniske Skole, 1993-1997.",Beskæftigelsesordfører,https://www.dr.dk/parliament-member-images/thomas_monberg_500.jpg
Thomas Rohden,Radikale Venstre,B,31-01-1996,30,,"Bachelor i Statskundskab, Københavns Universitet, 2019. , Student (stx), Aabenraa Statsskole, 2015. , Folkeskolens afgangseksamen, Hoptrup Efterskole, 2012.","Arktisordfører, Færøerneordfører, Grønlandsordfører, Miljøordfører, Ordfører for nordisk samarbejde, Politisk ordfører, Udenrigsordfører",https://www.dr.dk/parliament-member-images/thomas_rohden_500.jpg
Thomas Skriver Jensen,Socialdemokratiet,A,27-03-1996,30,Industritekniker,"Industritekniker, Syddansk Erhvervsskole, Odense, 2019. , Værnepligtig, Den Kongelige Livgarde, København, 2016. , Studentereksamen (stx), Nordfyns Gymnasium, Søndersø, 2015. , Efterskole, Rejsby Europæiske Efterskole, 2012. , Folkeskole, Skamby Skole, 2011.","Integrationsordfører, Udlændingeordfører",https://www.dr.dk/parliament-member-images/thomas_skriver_jensen_500.jpg
Thorbjørn Jacobsen,Liberal Alliance,I,09-11-1980,45,Ingeniør,"B.Sc. Business Development Engineer, Handels- og Ingeniørhøjskolen, Herning, 2025. , Matematisk studentereksamen, Holstebro Gymnasium og HF, 2000.","Ældreordfører, EU-ordfører",https://www.dr.dk/parliament-member-images/thorbjoern_jacobsen_500.jpg
Torsten Gejl,Alternativet,Å,30-01-1964,62,MF,"Kaospilot, KaosPiloterne, Aarhus, 1990-1993. , Journalistkursus Ajour, Frontløberne, Aarhus, 1988-1989.","Arbejdsmarkedsordfører, Fiskeriordfører, Handicapordfører, Miljøordfører, Socialordfører, Beskæftigelsesordfører, Cannabisordfører, Ordfører for modstand mod sorte anlægsprojekter, Naturordfører, Ulveordfører",https://www.dr.dk/parliament-member-images/torsten_gejl_500.jpg
Trine Birk Andersen,Socialdemokratiet,A,20-07-1974,51,Sygeplejerske,"Specialsygeplejerske psykiatri, Diakonissestiftelsen, Frederiksberg, 2002-2005.","Forebyggelsesordfører, Kirkeordfører, Psykiatriordfører",https://www.dr.dk/parliament-member-images/trine_birk_andersen_500.jpg
Trine Bramsen,Socialdemokratiet,A,26-03-1981,45,Fhv. minister,"Cand.scient.soc., Roskilde Universitetscenter, 2001-2007. , Hf, VUC Fyn, 2000-2001. , Svendborg Gymnasium, 1997-2000.","Boligordfører, Forskningsordfører, Uddannelsesordfører",https://www.dr.dk/parliament-member-images/trine_bramsen_500.jpg
Trine Jepsen,Venstre,V,29-09-1977,48,Selvstændig,"Diplomuddannelse i Ledelse, Kunst & kultur, De danske scenekunstskoler, 2017-2018. , Student, Ribe Katedralskole, 1993-1996. , Folkeskole, Højmarkskolen, Holsted, 1984-1993.","Beskæftigelsesordfører, Landdistrikts- og øordfører, Ligestillingsordfører, Turismeordfører",https://www.dr.dk/parliament-member-images/trine_jepsen_500.jpg
Trine Pertou Mach,Enhedslisten,Ø,09-10-1969,56,Politik- og pressechef,"Statskundskab, Aarhus Universitet, 1990-1998. , Studentereksamen, Ringkjøbing Gymnasium, 1985-1988.","Arktisordfører, Færøerneordfører, Grønlandsordfører, Kirkeordfører, Ordfører vedr. nordisk samarbejde, Udenrigsordfører, Udviklingsordfører",https://www.dr.dk/parliament-member-images/trine_pertou_mach_500.jpg
Troels Lund Poulsen,Venstre,V,30-03-1976,50,"Formand for Venstre, fhv. minister","Student, Tørring Amtsgymnasium, 1992-1995. , Folkeskolen, Lindved Skole, 1982-1992.","Færøerneordfører, Grønlandsordfører","https://www.dr.dk/parliament-member-images/troels_lund_poulsen_500,-d-,jpg.jpg"
Ulrik Knudsen,Danmarksdemokraterne,Æ,12-10-1978,47,Erhvervschef,"Bestyrelsesuddannelse, Aarhus Universitet, 2018. , HD i regnskab og økonomistyring, Syddansk Universitet, 2005. , Hhx, Vejle Handelsskole, 1998. , Folkeskole, Ødsted Skole, 1995.","Boligordfører, Digitaliseringsordfører, Erhvervsordfører, Indfødsretsordfører, It-ordfører",https://www.dr.dk/parliament-member-images/ulrik_knudsen_500.jpg
Victoria Velasquez,Enhedslisten,Ø,18-07-1991,34,MF,"Cand.soc. i arbejdslivsstudier og socialvidenskab, Institut for Mennesker og Teknologi, RUC, 2012-2017.","Finansordfører, Socialordfører",https://www.dr.dk/parliament-member-images/victoria_velasquez_500.jpg
Zenia Stampe,Radikale Venstre,B,30-03-1979,47,Kulturminister,"Cand.scient.pol., Københavns Universitet, 2009.",,https://www.dr.dk/parliament-member-images/zenia_stampe_500.jpg
